"DESCRIPTION","DURATION IN MS","NAME","PARENT SUITE","START TIME","STATUS","STOP TIME","SUB SUITE","SUITE","TEST CLASS","TEST METHOD"
"","808","Cenário: CREDT-696 (API) Tentar listar logs de ação com Token sem autorização","Features","Fri Apr 18 20:57:27 UTC 2025","passed","Fri Apr 18 20:57:27 UTC 2025","CREDT 683 ListarLogs","logsDeAcoes","",""
"","1336","Cenário: CREDT-883 (API) Cadastrar nova consulta com Entradas da consulta com mais de 50 caracteres","Features","Fri Apr 18 20:54:57 UTC 2025","failed","Fri Apr 18 20:54:58 UTC 2025","CREDT 877 CriarConsultaDesenvolvimento","Consulta","",""
"","527","Cenário: CREDT-724 (API) Tentar filtrar logs de ação com Token vazio","Features","Fri Apr 18 20:57:34 UTC 2025","passed","Fri Apr 18 20:57:34 UTC 2025","CREDT 684 FiltrarLogs","logsDeAcoes","",""
"","866","Cenário: CREDT-1102 (API) Tentar editar credencial com inputs que não pertencem a consulta original","Features","Fri Apr 18 20:56:25 UTC 2025","failed","Fri Apr 18 20:56:26 UTC 2025","CREDT 244 EditarCredencial","Credenciais","",""
"","1310","Cenário: CREDT-916 (API) Tentar criar consulta com o campo Nome da consulta já existente no desenvolvimento","Features","Fri Apr 18 20:55:34 UTC 2025","failed","Fri Apr 18 20:55:36 UTC 2025","CREDT 877 CriarConsultaDesenvolvimento","Consulta","",""
"","434","Cenário: CREDT-234 (API) Tentar cadastrar credencial com token sem autorização","Features","Fri Apr 18 20:55:40 UTC 2025","failed","Fri Apr 18 20:55:40 UTC 2025","CREDT 198 CadastrarCredencial","Credenciais","",""
"","339","Cenário: CREDT-307 (API) Tentar filtrar credenciais com token inválido","Features","Fri Apr 18 20:56:06 UTC 2025","passed","Fri Apr 18 20:56:06 UTC 2025","CREDT 243 FiltrarCredenciais","Credenciais","",""
"","851","Cenário: CREDT-347 (API) Tentar editar credencial passando uma descrição preenchida só com espaços em branco","Features","Fri Apr 18 20:56:19 UTC 2025","failed","Fri Apr 18 20:56:20 UTC 2025","CREDT 244 EditarCredencial","Credenciais","",""
"","322","Cenário: CREDT-812 (API) Listar a informação sobre uma métrica inexistente","Features","Fri Apr 18 20:57:40 UTC 2025","passed","Fri Apr 18 20:57:40 UTC 2025","CREDT 805 MonitoramentoPrometheus","Prometheus","",""
"","2385","Cenário: CREDT-1071 (API) Tentar excluir consulta rascunho com credenciais cadastradas na conta do cliente","Features","Fri Apr 18 20:54:46 UTC 2025","failed","Fri Apr 18 20:54:48 UTC 2025","CREDT 753 ExcluirConsulta","Consulta","",""
"","430","Cenário: CREDT-298 (API) Filtrar credenciais com sucesso por Status Ativo","Features","Fri Apr 18 20:56:03 UTC 2025","failed","Fri Apr 18 20:56:03 UTC 2025","CREDT 243 FiltrarCredenciais","Credenciais","",""
"","443","Cenário: CREDT-268 (API) Tentar detalhar credencial passando 'credtId' inválido","Features","Fri Apr 18 20:56:28 UTC 2025","failed","Fri Apr 18 20:56:28 UTC 2025","CREDT 272 DetalharCredencial","Credenciais","",""
"","900","Cenário: CREDT-971 (API) Tentar compartilhar a credencial com uma data final anterior à data atual","Features","Fri Apr 18 20:57:06 UTC 2025","failed","Fri Apr 18 20:57:07 UTC 2025","CREDT 950 CompartilharCredencial","Credenciais","",""
"","1157","Cenário: CREDT-920 (API) Tentar listar consultas do desenvolvimento passando um valor do page maior que o número de páginas com registros da lista","Features","Fri Apr 18 20:54:20 UTC 2025","passed","Fri Apr 18 20:54:21 UTC 2025","CREDT 196 ListarConsulta","Consulta","",""
"","359","Cenário: CREDT-693 (API) Tentar listar logs de ação com Token inválido","Features","Fri Apr 18 20:57:25 UTC 2025","passed","Fri Apr 18 20:57:26 UTC 2025","CREDT 683 ListarLogs","logsDeAcoes","",""
"","1951","Cenário: CREDT-1065 (API) Cadastrar credencial com sucesso em consulta rascunho na conta do cliente","Features","Fri Apr 18 20:55:57 UTC 2025","failed","Fri Apr 18 20:55:59 UTC 2025","CREDT 198 CadastrarCredencial","Credenciais","",""
"","439","Cenário: CREDT-717 (API) Tentar filtrar logs de ação por Ação inválida","Features","Fri Apr 18 20:57:31 UTC 2025","failed","Fri Apr 18 20:57:32 UTC 2025","CREDT 684 FiltrarLogs","logsDeAcoes","",""
"","435","Cenário: CREDT-421 (API) Tentar cadastrar credencial com uma descrição contendo mais de 50 caracteres alfanuméricos","Features","Fri Apr 18 20:55:48 UTC 2025","failed","Fri Apr 18 20:55:48 UTC 2025","CREDT 198 CadastrarCredencial","Credenciais","",""
"","665","Cenário: CREDT-172 (API) Adicionar consulta com sucesso","Features","Fri Apr 18 20:53:56 UTC 2025","failed","Fri Apr 18 20:53:57 UTC 2025","CREDT 175 AdicionarConsulta","Consulta","",""
"","432","Cenário: CREDT-481 (API) Cadastrar credencial com um nome válido contendo underline","Features","Fri Apr 18 20:55:48 UTC 2025","failed","Fri Apr 18 20:55:49 UTC 2025","CREDT 198 CadastrarCredencial","Credenciais","",""
"","512","Cenário: CREDT-806 (API) Listar endpoints de métricas, monitoramento e healthcheck","Features","Fri Apr 18 20:57:38 UTC 2025","failed","Fri Apr 18 20:57:38 UTC 2025","CREDT 805 MonitoramentoPrometheus","Prometheus","",""
"","935","Cenário: CREDT-1013 (API) Tentar compartilhar credencial com qtdSubmissions maior que 2 dígitos","Features","Fri Apr 18 20:57:12 UTC 2025","failed","Fri Apr 18 20:57:13 UTC 2025","CREDT 950 CompartilharCredencial","Credenciais","",""
"","454","Cenário: CREDT-267 (API) Tentar detalhar credencial com token sem autorização","Features","Fri Apr 18 20:56:28 UTC 2025","failed","Fri Apr 18 20:56:28 UTC 2025","CREDT 272 DetalharCredencial","Credenciais","",""
"","441","Cenário: CREDT-231 (API) Tentar cadastrar credencial com token inválido","Features","Fri Apr 18 20:55:38 UTC 2025","failed","Fri Apr 18 20:55:39 UTC 2025","CREDT 198 CadastrarCredencial","Credenciais","",""
"","687","Cenário: CREDT-1089 (API) Filtrar consultas com sucesso por Nome inexistente","Features","Fri Apr 18 20:53:51 UTC 2025","failed","Fri Apr 18 20:53:52 UTC 2025","CREDT 1075 FiltrarConsulta","Consulta","",""
"","1460","Cenário: CREDT-909 (API) Tentar criar consulta com token válido porém usuário da conta 1 e @neurotech","Features","Fri Apr 18 20:55:31 UTC 2025","failed","Fri Apr 18 20:55:32 UTC 2025","CREDT 877 CriarConsultaDesenvolvimento","Consulta","",""
"","336","Cenário: CREDT-1093 (API) Tentar filtrar consulta com token inválido","Features","Fri Apr 18 20:53:54 UTC 2025","passed","Fri Apr 18 20:53:54 UTC 2025","CREDT 1075 FiltrarConsulta","Consulta","",""
"","1045","Cenário: CREDT-364 (API) Ativar credencial com sucesso","Features","Fri Apr 18 20:56:35 UTC 2025","failed","Fri Apr 18 20:56:37 UTC 2025","CREDT 365 AtivarInativarCredencial","Credenciais","",""
"","466","Cenário: CREDT-289 (API) Tentar listar credenciais com direção e campo de ordenação preenchidos somente com espaço em branco","Features","Fri Apr 18 20:56:34 UTC 2025","failed","Fri Apr 18 20:56:34 UTC 2025","CREDT 292 ListarCredenciais","Credenciais","",""
"","452","Cenário: CREDT-304 (API) Filtrar credenciais com sucesso sem selecionar nenhum filtro","Features","Fri Apr 18 20:56:05 UTC 2025","failed","Fri Apr 18 20:56:06 UTC 2025","CREDT 243 FiltrarCredenciais","Credenciais","",""
"","903","Cenário: CREDT-999 (API) Tentar compartilhar credencial com status inativo em consulta rascunho","Features","Fri Apr 18 20:57:00 UTC 2025","failed","Fri Apr 18 20:57:01 UTC 2025","CREDT 950 CompartilharCredencial","Credenciais","",""
"","436","Cenário: CREDT-710 (API) Filtrar logs de ação com sucesso por Ação de Edição","Features","Fri Apr 18 20:57:29 UTC 2025","failed","Fri Apr 18 20:57:29 UTC 2025","CREDT 684 FiltrarLogs","logsDeAcoes","",""
"","1551","Cenário: CREDT-899 (API) Tentar criar consulta com o campo Código do cliente contendo letras","Features","Fri Apr 18 20:55:20 UTC 2025","failed","Fri Apr 18 20:55:22 UTC 2025","CREDT 877 CriarConsultaDesenvolvimento","Consulta","",""
"","970","Cenário: CREDT-310 (API) Tentar filtrar credenciais com token sem autorização","Features","Fri Apr 18 20:56:07 UTC 2025","passed","Fri Apr 18 20:56:08 UTC 2025","CREDT 243 FiltrarCredenciais","Credenciais","",""
"","434","Cenário: CREDT-284 (API) Tentar listar credenciais passando uma consulta que não foi adicionada à conta utilizada","Features","Fri Apr 18 20:56:33 UTC 2025","failed","Fri Apr 18 20:56:33 UTC 2025","CREDT 292 ListarCredenciais","Credenciais","",""
"","876","Cenário: CREDT-368 (API) Inativar credencial com status inativo","Features","Fri Apr 18 20:56:38 UTC 2025","failed","Fri Apr 18 20:56:39 UTC 2025","CREDT 365 AtivarInativarCredencial","Credenciais","",""
"","437","Cenário: CREDT-256 (API) Tentar cadastrar credencial sem inputs no body da requisição","Features","Fri Apr 18 20:55:45 UTC 2025","failed","Fri Apr 18 20:55:45 UTC 2025","CREDT 198 CadastrarCredencial","Credenciais","",""
"","462","Cenário: CREDT-259 (API) Tentar cadastrar credencial com inputs com nome preenchido só com espaços em branco","Features","Fri Apr 18 20:55:46 UTC 2025","failed","Fri Apr 18 20:55:47 UTC 2025","CREDT 198 CadastrarCredencial","Credenciais","",""
"","2379","Cenário: CREDT-1069 (API) Excluir consulta rascunho com sucesso na conta do cliente","Features","Fri Apr 18 20:54:41 UTC 2025","failed","Fri Apr 18 20:54:44 UTC 2025","CREDT 753 ExcluirConsulta","Consulta","",""
"","501","Cenário: CREDT-809 (API) Listar as métricas da aplicação em formato requerido pelo Prometheus","Features","Fri Apr 18 20:57:39 UTC 2025","passed","Fri Apr 18 20:57:39 UTC 2025","CREDT 805 MonitoramentoPrometheus","Prometheus","",""
"","611","Cenário: CREDT-687 (API) Listar logs de ação com sucesso","Features","Fri Apr 18 20:57:22 UTC 2025","failed","Fri Apr 18 20:57:23 UTC 2025","CREDT 683 ListarLogs","logsDeAcoes","",""
"","460","Cenário: CREDT-1088 (API) Filtrar consultas com sucesso por Nome parcial","Features","Fri Apr 18 20:53:51 UTC 2025","failed","Fri Apr 18 20:53:51 UTC 2025","CREDT 1075 FiltrarConsulta","Consulta","",""
"","1310","Cenário: CREDT-901 (API) Tentar criar consulta com o campo Código do cliente contendo número negativo","Features","Fri Apr 18 20:55:23 UTC 2025","failed","Fri Apr 18 20:55:24 UTC 2025","CREDT 877 CriarConsultaDesenvolvimento","Consulta","",""
"","460","Cenário: CREDT-720 (API) Tentar filtrar logs de ação passando uma data final mas não uma data inicial","Features","Fri Apr 18 20:57:32 UTC 2025","failed","Fri Apr 18 20:57:32 UTC 2025","CREDT 684 FiltrarLogs","logsDeAcoes","",""
"","884","Cenário: CREDT-996 (API) Compartilhar credencial ativa em consulta definitiva com sucesso","Features","Fri Apr 18 20:56:58 UTC 2025","failed","Fri Apr 18 20:56:58 UTC 2025","CREDT 950 CompartilharCredencial","Credenciais","",""
"","626","Cenário: CREDT-691 (API) Tentar listar logs de ação passando um valor do 'page' maior que o número de páginas com registros da lista","Features","Fri Apr 18 20:57:24 UTC 2025","failed","Fri Apr 18 20:57:25 UTC 2025","CREDT 683 ListarLogs","logsDeAcoes","",""
"","338","Cenário: CREDT-309 (API) Tentar filtrar credenciais com token vazio","Features","Fri Apr 18 20:56:06 UTC 2025","passed","Fri Apr 18 20:56:07 UTC 2025","CREDT 243 FiltrarCredenciais","Credenciais","",""
"","1233","Cenário: CREDT-912 (API) Listar consultas do desenvolvimento com sucesso","Features","Fri Apr 18 20:54:16 UTC 2025","failed","Fri Apr 18 20:54:17 UTC 2025","CREDT 196 ListarConsulta","Consulta","",""
"","433","Cenário: CREDT-197 (API) Listar consultas com sucesso","Features","Fri Apr 18 20:54:11 UTC 2025","failed","Fri Apr 18 20:54:12 UTC 2025","CREDT 196 ListarConsulta","Consulta","",""
"","328","Cenário: CREDT-768 (API) Tentar excluir credencial com Token inválido","Features","Fri Apr 18 20:56:49 UTC 2025","failed","Fri Apr 18 20:56:49 UTC 2025","CREDT 752 ExcluirCredencial","Credenciais","",""
"","1329","Cenário: CREDT-884 (API) Cadastrar nova consulta com Entradas da consulta contendo caracteres especiais e acentuação","Features","Fri Apr 18 20:54:58 UTC 2025","failed","Fri Apr 18 20:55:00 UTC 2025","CREDT 877 CriarConsultaDesenvolvimento","Consulta","",""
"","429","Cenário: CREDT-937 (API) Validar que as consultas no portfólio da Neurotech estão em ordem alfabética case insensitive","Features","Fri Apr 18 20:54:11 UTC 2025","failed","Fri Apr 18 20:54:11 UTC 2025","CREDT 175 AdicionarConsulta","Consulta","",""
"","432","Cenário: CREDT-278 (API) Listar credenciais com sucesso ordenando por Status em ordem crescente","Features","Fri Apr 18 20:56:30 UTC 2025","failed","Fri Apr 18 20:56:30 UTC 2025","CREDT 292 ListarCredenciais","Credenciais","",""
"","2861","Cenário: CREDT-930 (API) Adicionar uma consulta rascunho com sucesso","Features","Fri Apr 18 20:54:01 UTC 2025","failed","Fri Apr 18 20:54:04 UTC 2025","CREDT 175 AdicionarConsulta","Consulta","",""
"","871","Cenário: CREDT-369 (API) Tentar ativar/inativar credencial passando um Status inválido no body","Features","Fri Apr 18 20:56:39 UTC 2025","failed","Fri Apr 18 20:56:40 UTC 2025","CREDT 365 AtivarInativarCredencial","Credenciais","",""
"","331","Cenário: CREDT-770 (API) Tentar excluir credencial com Token vazio","Features","Fri Apr 18 20:56:50 UTC 2025","failed","Fri Apr 18 20:56:50 UTC 2025","CREDT 752 ExcluirCredencial","Credenciais","",""
"","463","Cenário: CREDT-482 (API) Tentar cadastrar credencial com o campo nome contendo hífen","Features","Fri Apr 18 20:55:49 UTC 2025","failed","Fri Apr 18 20:55:49 UTC 2025","CREDT 198 CadastrarCredencial","Credenciais","",""
"","829","Cenário: CREDT-906 (API) Tentar criar consulta com token expirado","Features","Fri Apr 18 20:55:29 UTC 2025","failed","Fri Apr 18 20:55:30 UTC 2025","CREDT 877 CriarConsultaDesenvolvimento","Consulta","",""
"","875","Cenário: CREDT-972 (API) Tentar compartilhar credencial por uma data final inexistente","Features","Fri Apr 18 20:57:07 UTC 2025","failed","Fri Apr 18 20:57:07 UTC 2025","CREDT 950 CompartilharCredencial","Credenciais","",""
"","904","Cenário: CREDT-1008 (API) Compartilhar credencial com dateFinal em formato dd_mm_aaaa","Features","Fri Apr 18 20:57:07 UTC 2025","failed","Fri Apr 18 20:57:08 UTC 2025","CREDT 950 CompartilharCredencial","Credenciais","",""
"","462","Cenário: CREDT-709 (API) Filtrar logs de ação com sucesso por Usuário","Features","Fri Apr 18 20:57:28 UTC 2025","failed","Fri Apr 18 20:57:29 UTC 2025","CREDT 684 FiltrarLogs","logsDeAcoes","",""
"","1344","Cenário: CREDT-902 (API) Tentar criar consulta com o campo Código do cliente contendo caracteres especiais","Features","Fri Apr 18 20:55:24 UTC 2025","failed","Fri Apr 18 20:55:26 UTC 2025","CREDT 877 CriarConsultaDesenvolvimento","Consulta","",""
"","459","Cenário: CREDT-232 (API) Tentar cadastrar credencial com token expirado","Features","Fri Apr 18 20:55:39 UTC 2025","failed","Fri Apr 18 20:55:39 UTC 2025","CREDT 198 CadastrarCredencial","Credenciais","",""
"","345","Cenário: CREDT-202 (API) Tentar listar consultas com Token inválido","Features","Fri Apr 18 20:54:13 UTC 2025","passed","Fri Apr 18 20:54:13 UTC 2025","CREDT 196 ListarConsulta","Consulta","",""
"","465","Cenário: CREDT-223 (API) Tentar listar entradas de uma consulta inexistente no Gateway","Features","Fri Apr 18 20:56:02 UTC 2025","failed","Fri Apr 18 20:56:02 UTC 2025","CREDT 216 ListarEntradasDaConsulta","Credenciais","",""
"","1304","Cenário: CREDT-904 (API) Tentar criar consulta com o campo Entradas da consulta contendo mais de 10 itens","Features","Fri Apr 18 20:55:27 UTC 2025","failed","Fri Apr 18 20:55:28 UTC 2025","CREDT 877 CriarConsultaDesenvolvimento","Consulta","",""
"","1301","Cenário: CREDT-900 (API) Tentar criar consulta com o campo Código do cliente igual a zero","Features","Fri Apr 18 20:55:22 UTC 2025","failed","Fri Apr 18 20:55:23 UTC 2025","CREDT 877 CriarConsultaDesenvolvimento","Consulta","",""
"","434","Cenário: CREDT-1001 (API) Tentar compartilhar credencial com body incorreto","Features","Fri Apr 18 20:57:02 UTC 2025","failed","Fri Apr 18 20:57:03 UTC 2025","CREDT 950 CompartilharCredencial","Credenciais","",""
"","975","Cenário: CREDT-1096 (API) Tentar filtrar consulta com token sem autorização","Features","Fri Apr 18 20:53:55 UTC 2025","passed","Fri Apr 18 20:53:56 UTC 2025","CREDT 1075 FiltrarConsulta","Consulta","",""
"","424","Cenário: CREDT-1003 (API) Tentar compartilhar credencial com credentialId nulo","Features","Fri Apr 18 20:57:03 UTC 2025","failed","Fri Apr 18 20:57:03 UTC 2025","CREDT 950 CompartilharCredencial","Credenciais","",""
"","865","Cenário: CREDT-327 (API) Editar credencial com Status Ativo","Features","Fri Apr 18 20:56:12 UTC 2025","failed","Fri Apr 18 20:56:13 UTC 2025","CREDT 244 EditarCredencial","Credenciais","",""
"","328","Cenário: CREDT-807 (API) Listar status da aplicação","Features","Fri Apr 18 20:57:38 UTC 2025","failed","Fri Apr 18 20:57:39 UTC 2025","CREDT 805 MonitoramentoPrometheus","Prometheus","",""
"","434","Cenário: CREDT-488 (API) Tentar cadastrar credencial com o campo nome contendo mais de 50 caracteres","Features","Fri Apr 18 20:55:51 UTC 2025","failed","Fri Apr 18 20:55:52 UTC 2025","CREDT 198 CadastrarCredencial","Credenciais","",""
"","450","Cenário: CREDT-199 (API) Listar consultas com parâmetro page inválido","Features","Fri Apr 18 20:54:12 UTC 2025","failed","Fri Apr 18 20:54:12 UTC 2025","CREDT 196 ListarConsulta","Consulta","",""
"","898","Cenário: CREDT-1037 (API) Tentar interromper compartilhamento da credencial com status ativa que ainda não foi compartilhada em consulta rascunho","Features","Fri Apr 18 20:57:21 UTC 2025","failed","Fri Apr 18 20:57:22 UTC 2025","CREDT 950 CompartilharCredencial","Credenciais","",""
"","870","Cenário: CREDT-905 (API) Tentar criar consulta com token inválido","Features","Fri Apr 18 20:55:28 UTC 2025","failed","Fri Apr 18 20:55:29 UTC 2025","CREDT 877 CriarConsultaDesenvolvimento","Consulta","",""
"","964","Cenário: CREDT-179 (API) Tentar adicionar consulta com token sem autorização","Features","Fri Apr 18 20:53:58 UTC 2025","passed","Fri Apr 18 20:53:59 UTC 2025","CREDT 175 AdicionarConsulta","Consulta","",""
"","2929","Cenário: CREDT-1067 (API) Tentar excluir consulta rascunho da conta do desenvolvedor com token de usuário de outra conta","Features","Fri Apr 18 20:54:32 UTC 2025","failed","Fri Apr 18 20:54:35 UTC 2025","CREDT 753 ExcluirConsulta","Consulta","",""
"","628","Cenário: CREDT-1091 (API) Filtrar consultas com sucesso por Nome inválido","Features","Fri Apr 18 20:53:53 UTC 2025","failed","Fri Apr 18 20:53:53 UTC 2025","CREDT 1075 FiltrarConsulta","Consulta","",""
"","930","Cenário: CREDT-352 (API) Tentar editar credencial passando uma entrada com o nome vazio","Features","Fri Apr 18 20:56:22 UTC 2025","failed","Fri Apr 18 20:56:23 UTC 2025","CREDT 244 EditarCredencial","Credenciais","",""
"","435","Cenário: CREDT-250 (API) Tentar cadastrar credencial com o campo descrição só com espaços em branco","Features","Fri Apr 18 20:55:44 UTC 2025","failed","Fri Apr 18 20:55:44 UTC 2025","CREDT 198 CadastrarCredencial","Credenciais","",""
"","434","Cenário: CREDT-221 (API) Tentar listar entradas de uma consulta com token sem autorização","Features","Fri Apr 18 20:56:01 UTC 2025","failed","Fri Apr 18 20:56:02 UTC 2025","CREDT 216 ListarEntradasDaConsulta","Credenciais","",""
"","500","Cenário: CREDT-714 (API) Filtrar logs de ação com sucesso por Consulta, Credencial, Usuário, Ação e Intervalo de datas, simultaneamente","Features","Fri Apr 18 20:57:30 UTC 2025","failed","Fri Apr 18 20:57:30 UTC 2025","CREDT 684 FiltrarLogs","logsDeAcoes","",""
"","789","Cenário: CREDT-332 (API) Tentar editar credencial com token expirado","Features","Fri Apr 18 20:56:14 UTC 2025","failed","Fri Apr 18 20:56:14 UTC 2025","CREDT 244 EditarCredencial","Credenciais","",""
"","453","Cenário: CREDT-487 (API) Tentar cadastrar credencial com o campo nome contendo menos de 5 caracteres","Features","Fri Apr 18 20:55:51 UTC 2025","failed","Fri Apr 18 20:55:51 UTC 2025","CREDT 198 CadastrarCredencial","Credenciais","",""
"","1328","Cenário: CREDT-895 (API) Tentar criar consulta com o campo Nome da consulta com caracteres especiais e acentuação","Features","Fri Apr 18 20:55:15 UTC 2025","failed","Fri Apr 18 20:55:16 UTC 2025","CREDT 877 CriarConsultaDesenvolvimento","Consulta","",""
"","895","Cenário: CREDT-970 (API) Tentar compartilhar a credencial com uma data final inválida","Features","Fri Apr 18 20:57:05 UTC 2025","failed","Fri Apr 18 20:57:06 UTC 2025","CREDT 950 CompartilharCredencial","Credenciais","",""
"","3115","Cenário: CREDT-1064 (API) Cadastrar credencial com sucesso em consulta rascunho na conta do desenvolvedor","Features","Fri Apr 18 20:55:53 UTC 2025","failed","Fri Apr 18 20:55:57 UTC 2025","CREDT 198 CadastrarCredencial","Credenciais","",""
"","948","Cenário: CREDT-1020 (API) Tentar compartilhar credencial com stopShared vazio","Features","Fri Apr 18 20:57:17 UTC 2025","failed","Fri Apr 18 20:57:18 UTC 2025","CREDT 950 CompartilharCredencial","Credenciais","",""
"","437","Cenário: CREDT-486 (API) Tentar cadastrar credencial com o campo nome começando com números","Features","Fri Apr 18 20:55:50 UTC 2025","failed","Fri Apr 18 20:55:51 UTC 2025","CREDT 198 CadastrarCredencial","Credenciais","",""
"","449","Cenário: CREDT-732 (API) Filtrar logs de ação com sucesso por Ação de Edição de Valores","Features","Fri Apr 18 20:57:37 UTC 2025","failed","Fri Apr 18 20:57:37 UTC 2025","CREDT 684 FiltrarLogs","logsDeAcoes","",""
"","892","Cenário: CREDT-998 (API) Interromper compartilhamento da credencial ativa em consulta definitiva com sucesso","Features","Fri Apr 18 20:56:59 UTC 2025","failed","Fri Apr 18 20:57:00 UTC 2025","CREDT 950 CompartilharCredencial","Credenciais","",""
"","337","Cenário: CREDT-1021 (API) Tentar compartilhar credencial com token inválido","Features","Fri Apr 18 20:57:18 UTC 2025","passed","Fri Apr 18 20:57:19 UTC 2025","CREDT 950 CompartilharCredencial","Credenciais","",""
"","463","Cenário: CREDT-248 (API) Tentar cadastrar credencial sem o campo consulta no body da requisição","Features","Fri Apr 18 20:55:43 UTC 2025","failed","Fri Apr 18 20:55:44 UTC 2025","CREDT 198 CadastrarCredencial","Credenciais","",""
"","886","Cenário: CREDT-1012 (API) Compartilhar credencial com qtdSubmissions vazio","Features","Fri Apr 18 20:57:11 UTC 2025","failed","Fri Apr 18 20:57:12 UTC 2025","CREDT 950 CompartilharCredencial","Credenciais","",""
"","1362","Cenário: CREDT-897 (API) Tentar criar consulta com o campo Nome contendo mais de 50 caracteres","Features","Fri Apr 18 20:55:17 UTC 2025","failed","Fri Apr 18 20:55:19 UTC 2025","CREDT 877 CriarConsultaDesenvolvimento","Consulta","",""
"","902","Cenário: CREDT-992 (API) Tentar compartilhar credencial com token sem autorização","Features","Fri Apr 18 20:56:54 UTC 2025","passed","Fri Apr 18 20:56:55 UTC 2025","CREDT 878 ListarCompartilhamento","Credenciais","",""
"","461","Cenário: CREDT-766 (API) Tentar excluir credencial ativa","Features","Fri Apr 18 20:56:48 UTC 2025","failed","Fri Apr 18 20:56:49 UTC 2025","CREDT 752 ExcluirCredencial","Credenciais","",""
"","772","Cenário: CREDT-761 (API) Tentar excluir consulta com Token sem autorização","Features","Fri Apr 18 20:54:28 UTC 2025","passed","Fri Apr 18 20:54:29 UTC 2025","CREDT 753 ExcluirConsulta","Consulta","",""
"","1119","Cenário: CREDT-915 (API) Listar consultas do desenvolvimento mesmo com os parâmetros page e size vazios","Features","Fri Apr 18 20:54:19 UTC 2025","failed","Fri Apr 18 20:54:20 UTC 2025","CREDT 196 ListarConsulta","Consulta","",""
"","874","Cenário: CREDT-366 (API) Inativar credencial com sucesso","Features","Fri Apr 18 20:56:37 UTC 2025","failed","Fri Apr 18 20:56:37 UTC 2025","CREDT 365 AtivarInativarCredencial","Credenciais","",""
"","924","Cenário: CREDT-355 (API) Tentar editar credencial passando uma entrada com o valor preenchido só com espaços em branco","Features","Fri Apr 18 20:56:24 UTC 2025","failed","Fri Apr 18 20:56:25 UTC 2025","CREDT 244 EditarCredencial","Credenciais","",""
"","461","Cenário: CREDT-485 (API) Tentar cadastrar credencial com o campo nome contendo espaços","Features","Fri Apr 18 20:55:50 UTC 2025","failed","Fri Apr 18 20:55:50 UTC 2025","CREDT 198 CadastrarCredencial","Credenciais","",""
"","865","Cenário: CREDT-907 (API) Tentar criar consulta com token vazio","Features","Fri Apr 18 20:55:30 UTC 2025","failed","Fri Apr 18 20:55:31 UTC 2025","CREDT 877 CriarConsultaDesenvolvimento","Consulta","",""
"","433","Cenário: CREDT-275 (API) Listar credenciais com sucesso ordenando por Descrição em ordem decrescente","Features","Fri Apr 18 20:56:29 UTC 2025","failed","Fri Apr 18 20:56:30 UTC 2025","CREDT 292 ListarCredenciais","Credenciais","",""
"","435","Cenário: CREDT-274 (API) Listar credenciais com sucesso ordenando por Descrição em ordem crescente","Features","Fri Apr 18 20:56:29 UTC 2025","failed","Fri Apr 18 20:56:29 UTC 2025","CREDT 292 ListarCredenciais","Credenciais","",""
"","740","Cenário: CREDT-1085 (API) Filtrar consultas com sucesso por Nome completo na conta da Neurotech","Features","Fri Apr 18 20:53:48 UTC 2025","failed","Fri Apr 18 20:53:49 UTC 2025","CREDT 1075 FiltrarConsulta","Consulta","",""
"","466","Cenário: CREDT-773 (API) Tentar excluir credencial inexistente","Features","Fri Apr 18 20:56:51 UTC 2025","failed","Fri Apr 18 20:56:51 UTC 2025","CREDT 752 ExcluirCredencial","Credenciais","",""
"","882","Cenário: CREDT-491 (API) Tentar cadastrar credencial com o campo nome idêntico ao de outra credencial, na mesma consulta e conta","Features","Fri Apr 18 20:55:53 UTC 2025","failed","Fri Apr 18 20:55:53 UTC 2025","CREDT 198 CadastrarCredencial","Credenciais","",""
"","905","Cenário: CREDT-1015 (API) Tentar compartilhar credencial com qtdSubmissions inteiro menor que zero","Features","Fri Apr 18 20:57:14 UTC 2025","failed","Fri Apr 18 20:57:15 UTC 2025","CREDT 950 CompartilharCredencial","Credenciais","",""
"","798","Cenário: CREDT-331 (API) Tentar editar credencial com token inválido","Features","Fri Apr 18 20:56:13 UTC 2025","failed","Fri Apr 18 20:56:14 UTC 2025","CREDT 244 EditarCredencial","Credenciais","",""
"","442","Cenário: CREDT-290 (API) Tentar listar credenciais passando um valor inválido para o campo de ordenação","Features","Fri Apr 18 20:56:34 UTC 2025","failed","Fri Apr 18 20:56:35 UTC 2025","CREDT 292 ListarCredenciais","Credenciais","",""
"","1327","Cenário: CREDT-334 (API) Tentar editar credencial com token sem autorização","Features","Fri Apr 18 20:56:15 UTC 2025","failed","Fri Apr 18 20:56:17 UTC 2025","CREDT 244 EditarCredencial","Credenciais","",""
"","337","Cenário: CREDT-308 (API) Tentar filtrar credenciais com token expirado","Features","Fri Apr 18 20:56:06 UTC 2025","passed","Fri Apr 18 20:56:06 UTC 2025","CREDT 243 FiltrarCredenciais","Credenciais","",""
"","2556","Cenário: CREDT-1070 (API) Tentar excluir consulta rascunho da conta do cliente com token de usuário de outra conta","Features","Fri Apr 18 20:54:44 UTC 2025","failed","Fri Apr 18 20:54:46 UTC 2025","CREDT 753 ExcluirConsulta","Consulta","",""
"","447","Cenário: CREDT-200 (API) Listar consultas com parâmetro size inválido","Features","Fri Apr 18 20:54:12 UTC 2025","failed","Fri Apr 18 20:54:13 UTC 2025","CREDT 196 ListarConsulta","Consulta","",""
"","435","Cenário: CREDT-690 (API) Listar logs de ação mesmo com os parâmetros page e size vazios","Features","Fri Apr 18 20:57:24 UTC 2025","failed","Fri Apr 18 20:57:24 UTC 2025","CREDT 683 ListarLogs","logsDeAcoes","",""
"","456","Cenário: CREDT-312 (API) Tentar filtrar credenciais passando uma consulta do Gateway que não foi adicionada à conta","Features","Fri Apr 18 20:56:08 UTC 2025","failed","Fri Apr 18 20:56:09 UTC 2025","CREDT 243 FiltrarCredenciais","Credenciais","",""
"","452","Cenário: CREDT-1074 (API) Filtrar logs de ação com sucesso por um intervalo de data no mesmo dia","Features","Fri Apr 18 20:57:37 UTC 2025","failed","Fri Apr 18 20:57:38 UTC 2025","CREDT 684 FiltrarLogs","logsDeAcoes","",""
"","431","Cenário: CREDT-729 (API) Filtrar logs de ação com sucesso por Ação de Criação","Features","Fri Apr 18 20:57:35 UTC 2025","failed","Fri Apr 18 20:57:36 UTC 2025","CREDT 684 FiltrarLogs","logsDeAcoes","",""
"","898","Cenário: CREDT-997 (API) Interromper compartilhamento da credencial ativa em consulta rascunho com sucesso","Features","Fri Apr 18 20:56:58 UTC 2025","failed","Fri Apr 18 20:56:59 UTC 2025","CREDT 950 CompartilharCredencial","Credenciais","",""
"","473","Cenário: CREDT-1101 (API) Tentar cadastrar credencial com inputs que não pertencem a consulta original","Features","Fri Apr 18 20:55:59 UTC 2025","failed","Fri Apr 18 20:55:59 UTC 2025","CREDT 198 CadastrarCredencial","Credenciais","",""
"","435","Cenário: CREDT-291 (API) Tentar listar credenciais passando um valor inválido para a direção de ordenação","Features","Fri Apr 18 20:56:35 UTC 2025","failed","Fri Apr 18 20:56:35 UTC 2025","CREDT 292 ListarCredenciais","Credenciais","",""
"","468","Cenário: CREDT-1092 (API) Tentar filtrar consulta sem passar o campo obrigatório Nome","Features","Fri Apr 18 20:53:53 UTC 2025","failed","Fri Apr 18 20:53:54 UTC 2025","CREDT 1075 FiltrarConsulta","Consulta","",""
"","785","Cenário: CREDT-371 (API) Tentar ativar/inativar credencial com token expirado","Features","Fri Apr 18 20:56:41 UTC 2025","passed","Fri Apr 18 20:56:42 UTC 2025","CREDT 365 AtivarInativarCredencial","Credenciais","",""
"","434","Cenário: CREDT-535 (API) Filtrar credenciais com sucesso por Usuário","Features","Fri Apr 18 20:56:10 UTC 2025","failed","Fri Apr 18 20:56:10 UTC 2025","CREDT 243 FiltrarCredenciais","Credenciais","",""
"","922","Cenário: CREDT-762 (API) Excluir com sucesso credencial que está inativa há 8 dias ou mais","Features","Fri Apr 18 20:56:46 UTC 2025","failed","Fri Apr 18 20:56:47 UTC 2025","CREDT 752 ExcluirCredencial","Credenciais","",""
"","446","Cenário: CREDT-206 (API) Tentar listar consultas passando um valor do page maior que o número de páginas com registros da lista","Features","Fri Apr 18 20:54:15 UTC 2025","failed","Fri Apr 18 20:54:15 UTC 2025","CREDT 196 ListarConsulta","Consulta","",""
"","463","Cenário: CREDT-708 (API) Filtrar logs de ação com sucesso por Credencial","Features","Fri Apr 18 20:57:28 UTC 2025","failed","Fri Apr 18 20:57:28 UTC 2025","CREDT 684 FiltrarLogs","logsDeAcoes","",""
"","333","Cenário: CREDT-1094 (API) Tentar filtrar consulta com token expirado","Features","Fri Apr 18 20:53:54 UTC 2025","passed","Fri Apr 18 20:53:55 UTC 2025","CREDT 1075 FiltrarConsulta","Consulta","",""
"","454","Cenário: CREDT-251 (API) Tentar cadastrar credencial sem o campo descrição no body da requisição","Features","Fri Apr 18 20:55:44 UTC 2025","failed","Fri Apr 18 20:55:45 UTC 2025","CREDT 198 CadastrarCredencial","Credenciais","",""
"","495","Cenário: CREDT-265 (API) Tentar detalhar credencial com token expirado","Features","Fri Apr 18 20:56:27 UTC 2025","failed","Fri Apr 18 20:56:27 UTC 2025","CREDT 272 DetalharCredencial","Credenciais","",""
"","427","Cenário: CREDT-536 (API) Filtrar credenciais com sucesso por uma Usuário inexistente","Features","Fri Apr 18 20:56:10 UTC 2025","failed","Fri Apr 18 20:56:10 UTC 2025","CREDT 243 FiltrarCredenciais","Credenciais","",""
"","898","Cenário: CREDT-351 (API) Tentar editar credencial passando uma Descrição com mais de 50 caracteres","Features","Fri Apr 18 20:56:21 UTC 2025","failed","Fri Apr 18 20:56:22 UTC 2025","CREDT 244 EditarCredencial","Credenciais","",""
"","326","Cenário: CREDT-808 (API) Listar informações sobre a aplicação","Features","Fri Apr 18 20:57:39 UTC 2025","failed","Fri Apr 18 20:57:39 UTC 2025","CREDT 805 MonitoramentoPrometheus","Prometheus","",""
"","1399","Cenário: CREDT-931 (API) Tentar criar nova consulta com o código do cliente da conta 1","Features","Fri Apr 18 20:55:36 UTC 2025","failed","Fri Apr 18 20:55:37 UTC 2025","CREDT 877 CriarConsultaDesenvolvimento","Consulta","",""
"","1347","Cenário: CREDT-885 (API) Tentar criar consulta sem preencher o campo Nome da consulta","Features","Fri Apr 18 20:55:00 UTC 2025","failed","Fri Apr 18 20:55:01 UTC 2025","CREDT 877 CriarConsultaDesenvolvimento","Consulta","",""
"","457","Cenário: CREDT-730 (API) Filtrar logs de ação com sucesso por Ação de Edição de Entradas e Valores","Features","Fri Apr 18 20:57:36 UTC 2025","failed","Fri Apr 18 20:57:36 UTC 2025","CREDT 684 FiltrarLogs","logsDeAcoes","",""
"","460","Cenário: CREDT-713 (API) Filtrar logs de ação com sucesso por um intervalo de datas","Features","Fri Apr 18 20:57:29 UTC 2025","failed","Fri Apr 18 20:57:30 UTC 2025","CREDT 684 FiltrarLogs","logsDeAcoes","",""
"","1336","Cenário: CREDT-888 (API) Tentar criar consulta sem preencher o campo Entrada da consulta","Features","Fri Apr 18 20:55:04 UTC 2025","failed","Fri Apr 18 20:55:05 UTC 2025","CREDT 877 CriarConsultaDesenvolvimento","Consulta","",""
"","861","Cenário: CREDT-340 (API) Tentar editar credencial sem passar o id da credencial no endpoint","Features","Fri Apr 18 20:56:17 UTC 2025","failed","Fri Apr 18 20:56:18 UTC 2025","CREDT 244 EditarCredencial","Credenciais","",""
"","1557","Cenário: CREDT-890 (API) Tentar criar consulta sem o campo Descrição da consulta","Features","Fri Apr 18 20:55:07 UTC 2025","passed","Fri Apr 18 20:55:09 UTC 2025","CREDT 877 CriarConsultaDesenvolvimento","Consulta","",""
"","331","Cenário: CREDT-760 (API) Tentar excluir consulta com Token vazio","Features","Fri Apr 18 20:54:28 UTC 2025","passed","Fri Apr 18 20:54:28 UTC 2025","CREDT 753 ExcluirConsulta","Consulta","",""
"","429","Cenário: CREDT-301 (API) Filtrar credenciais com sucesso por Descrição","Features","Fri Apr 18 20:56:04 UTC 2025","failed","Fri Apr 18 20:56:04 UTC 2025","CREDT 243 FiltrarCredenciais","Credenciais","",""
"","461","Cenário: CREDT-182 (API) Tentar adicionar uma consulta, passando o nome da consulta em branco","Features","Fri Apr 18 20:54:00 UTC 2025","failed","Fri Apr 18 20:54:00 UTC 2025","CREDT 175 AdicionarConsulta","Consulta","",""
"","1419","Cenário: CREDT-1086 (API) Filtrar consultas com sucesso por Nome completo na conta do desenvolvedor","Features","Fri Apr 18 20:53:49 UTC 2025","failed","Fri Apr 18 20:53:50 UTC 2025","CREDT 1075 FiltrarConsulta","Consulta","",""
"","869","Cenário: CREDT-1010 (API) Compartilhar credencial com dateFinal em formato aaaa_mm_dd","Features","Fri Apr 18 20:57:09 UTC 2025","failed","Fri Apr 18 20:57:10 UTC 2025","CREDT 950 CompartilharCredencial","Credenciais","",""
"","944","Cenário: CREDT-910 (API) Tentar criar consulta com token válido porém usuário da conta 999 e NÃO @neurotech","Features","Fri Apr 18 20:55:32 UTC 2025","failed","Fri Apr 18 20:55:33 UTC 2025","CREDT 877 CriarConsultaDesenvolvimento","Consulta","",""
"","1702","Cenário: CREDT-889 (API) Tentar criar consulta sem o campo Nome da consulta","Features","Fri Apr 18 20:55:05 UTC 2025","passed","Fri Apr 18 20:55:07 UTC 2025","CREDT 877 CriarConsultaDesenvolvimento","Consulta","",""
"","426","Cenário: CREDT-715 (API) Filtrar logs de ação com sucesso sem selecionar nenhum filtro","Features","Fri Apr 18 20:57:30 UTC 2025","failed","Fri Apr 18 20:57:31 UTC 2025","CREDT 684 FiltrarLogs","logsDeAcoes","",""
"","347","Cenário: CREDT-203 (API) Tentar listar consultas com Token vazio","Features","Fri Apr 18 20:54:13 UTC 2025","passed","Fri Apr 18 20:54:14 UTC 2025","CREDT 196 ListarConsulta","Consulta","",""
"","432","Cenário: CREDT-728 (API) Filtrar logs de ação com sucesso por Ação de Promoção","Features","Fri Apr 18 20:57:35 UTC 2025","failed","Fri Apr 18 20:57:35 UTC 2025","CREDT 684 FiltrarLogs","logsDeAcoes","",""
"","343","Cenário: CREDT-1022 (API) Tentar compartilhar credencial com token expirado","Features","Fri Apr 18 20:57:19 UTC 2025","passed","Fri Apr 18 20:57:19 UTC 2025","CREDT 950 CompartilharCredencial","Credenciais","",""
"","358","Cenário: CREDT-989 (API) Tentar compartilhar credencial com token inválido","Features","Fri Apr 18 20:56:53 UTC 2025","passed","Fri Apr 18 20:56:53 UTC 2025","CREDT 878 ListarCompartilhamento","Credenciais","",""
"","875","Cenário: CREDT-1017 (API) Tentar interromper compartilhamento da credencial com status inativo em consulta definitiva","Features","Fri Apr 18 20:57:16 UTC 2025","failed","Fri Apr 18 20:57:16 UTC 2025","CREDT 950 CompartilharCredencial","Credenciais","",""
"","460","Cenário: CREDT-716 (API) Filtrar logs de ação com sucesso por um filtro que não corresponde a nenhum log registrado na conta","Features","Fri Apr 18 20:57:31 UTC 2025","failed","Fri Apr 18 20:57:31 UTC 2025","CREDT 684 FiltrarLogs","logsDeAcoes","",""
"","491","Cenário: CREDT-260 (API) Tentar cadastrar credencial com inputs com valor vazio no body da requisição","Features","Fri Apr 18 20:55:47 UTC 2025","failed","Fri Apr 18 20:55:47 UTC 2025","CREDT 198 CadastrarCredencial","Credenciais","",""
"","1321","Cenário: CREDT-893 (API) Tentar criar consulta com o campo Nome da consulta com letra minúscula","Features","Fri Apr 18 20:55:12 UTC 2025","failed","Fri Apr 18 20:55:13 UTC 2025","CREDT 877 CriarConsultaDesenvolvimento","Consulta","",""
"","1324","Cenário: CREDT-896 (API) Tentar criar consulta com o campo Nome da consulta já existente no gateway","Features","Fri Apr 18 20:55:16 UTC 2025","failed","Fri Apr 18 20:55:17 UTC 2025","CREDT 877 CriarConsultaDesenvolvimento","Consulta","",""
"","908","Cenário: CREDT-325 (API) Editar credencial com Status Inativo","Features","Fri Apr 18 20:56:11 UTC 2025","failed","Fri Apr 18 20:56:12 UTC 2025","CREDT 244 EditarCredencial","Credenciais","",""
"","954","Cenário: CREDT-911 (API) Tentar criar consulta sem passar o body na requisição","Features","Fri Apr 18 20:55:33 UTC 2025","failed","Fri Apr 18 20:55:34 UTC 2025","CREDT 877 CriarConsultaDesenvolvimento","Consulta","",""
"","462","Cenário: CREDT-721 (API) Tentar filtrar logs de ação, passando uma data inicial posterior à data final","Features","Fri Apr 18 20:57:32 UTC 2025","failed","Fri Apr 18 20:57:33 UTC 2025","CREDT 684 FiltrarLogs","logsDeAcoes","",""
"","795","Cenário: CREDT-725 (API) Tentar filtrar logs de ação com Token sem autorização","Features","Fri Apr 18 20:57:34 UTC 2025","passed","Fri Apr 18 20:57:35 UTC 2025","CREDT 684 FiltrarLogs","logsDeAcoes","",""
"","877","Cenário: CREDT-350 (API) Tentar editar credencial passando uma Descrição com caracteres especiais","Features","Fri Apr 18 20:56:20 UTC 2025","failed","Fri Apr 18 20:56:21 UTC 2025","CREDT 244 EditarCredencial","Credenciais","",""
"","895","Cenário: CREDT-353 (API) Tentar editar credencial passando uma entrada com o nome preenchido só com espaços em branco","Features","Fri Apr 18 20:56:23 UTC 2025","failed","Fri Apr 18 20:56:24 UTC 2025","CREDT 244 EditarCredencial","Credenciais","",""
"","810","Cenário: CREDT-372 (API) Tentar ativar/inativar credencial com token vazio","Features","Fri Apr 18 20:56:42 UTC 2025","passed","Fri Apr 18 20:56:42 UTC 2025","CREDT 365 AtivarInativarCredencial","Credenciais","",""
"","1344","Cenário: CREDT-898 (API) Tentar criar consulta com o campo Descrição contendo mais de 50 caracteres","Features","Fri Apr 18 20:55:19 UTC 2025","failed","Fri Apr 18 20:55:20 UTC 2025","CREDT 877 CriarConsultaDesenvolvimento","Consulta","",""
"","838","Cenário: CREDT-771 (API) Tentar excluir credencial com Token sem autorização","Features","Fri Apr 18 20:56:50 UTC 2025","failed","Fri Apr 18 20:56:51 UTC 2025","CREDT 752 ExcluirCredencial","Credenciais","",""
"","916","Cenário: CREDT-1011 (API) Compartilhar credencial com dateFinal em formato aaaa/mm/dd","Features","Fri Apr 18 20:57:10 UTC 2025","failed","Fri Apr 18 20:57:11 UTC 2025","CREDT 950 CompartilharCredencial","Credenciais","",""
"","350","Cenário: CREDT-178 (API) Tentar adicionar consulta com token vazio","Features","Fri Apr 18 20:53:57 UTC 2025","passed","Fri Apr 18 20:53:58 UTC 2025","CREDT 175 AdicionarConsulta","Consulta","",""
"","904","Cenário: CREDT-765 (API) Tentar excluir credencial inativa criada há menos de 24 horas, mas que foi ativada e inativada","Features","Fri Apr 18 20:56:47 UTC 2025","failed","Fri Apr 18 20:56:48 UTC 2025","CREDT 752 ExcluirCredencial","Credenciais","",""
"","1194","Cenário: CREDT-921 (API) Tentar listar consultas do desenvolvimento sem passar nenhum parâmetro","Features","Fri Apr 18 20:54:21 UTC 2025","failed","Fri Apr 18 20:54:22 UTC 2025","CREDT 196 ListarConsulta","Consulta","",""
"","439","Cenário: CREDT-263 (API) Detalhar credencial com sucesso","Features","Fri Apr 18 20:56:26 UTC 2025","failed","Fri Apr 18 20:56:26 UTC 2025","CREDT 272 DetalharCredencial","Credenciais","",""
"","436","Cenário: CREDT-258 (API) Tentar cadastrar credencial com inputs com nome vazio no body da requisição","Features","Fri Apr 18 20:55:46 UTC 2025","failed","Fri Apr 18 20:55:46 UTC 2025","CREDT 198 CadastrarCredencial","Credenciais","",""
"","337","Cenário: CREDT-722 (API) Tentar filtrar logs de ação com Token inválido","Features","Fri Apr 18 20:57:33 UTC 2025","passed","Fri Apr 18 20:57:33 UTC 2025","CREDT 684 FiltrarLogs","logsDeAcoes","",""
"","1355","Cenário: CREDT-887 (API) Tentar criar consulta sem preencher o campo Código do Cliente","Features","Fri Apr 18 20:55:03 UTC 2025","failed","Fri Apr 18 20:55:04 UTC 2025","CREDT 877 CriarConsultaDesenvolvimento","Consulta","",""
"","436","Cenário: CREDT-282 (API) Tentar listar credenciais com token vazio","Features","Fri Apr 18 20:56:32 UTC 2025","failed","Fri Apr 18 20:56:32 UTC 2025","CREDT 292 ListarCredenciais","Credenciais","",""
"","868","Cenário: CREDT-367 (API) Ativar credencial com status ativo","Features","Fri Apr 18 20:56:37 UTC 2025","failed","Fri Apr 18 20:56:38 UTC 2025","CREDT 365 AtivarInativarCredencial","Credenciais","",""
"","1705","Cenário: CREDT-891 (API) Tentar criar consulta sem o campo Código do Cliente","Features","Fri Apr 18 20:55:09 UTC 2025","passed","Fri Apr 18 20:55:10 UTC 2025","CREDT 877 CriarConsultaDesenvolvimento","Consulta","",""
"","434","Cenário: CREDT-247 (API) Tentar cadastrar credencial com o campo consulta vazio","Features","Fri Apr 18 20:55:43 UTC 2025","failed","Fri Apr 18 20:55:43 UTC 2025","CREDT 198 CadastrarCredencial","Credenciais","",""
"","334","Cenário: CREDT-1095 (API) Tentar filtrar consulta com token vazio","Features","Fri Apr 18 20:53:55 UTC 2025","passed","Fri Apr 18 20:53:55 UTC 2025","CREDT 1075 FiltrarConsulta","Consulta","",""
"","333","Cenário: CREDT-758 (API) Tentar excluir consulta com Token inválido","Features","Fri Apr 18 20:54:27 UTC 2025","passed","Fri Apr 18 20:54:27 UTC 2025","CREDT 753 ExcluirConsulta","Consulta","",""
"","460","Cenário: CREDT-233 (API) Tentar cadastrar credencial com token vazio","Features","Fri Apr 18 20:55:39 UTC 2025","failed","Fri Apr 18 20:55:40 UTC 2025","CREDT 198 CadastrarCredencial","Credenciais","",""
"","5823","Cenário: CREDT-1068 (API) Tentar excluir consulta rascunho com credenciais cadastradas na conta do desenvolvedor","Features","Fri Apr 18 20:54:35 UTC 2025","failed","Fri Apr 18 20:54:41 UTC 2025","CREDT 753 ExcluirConsulta","Consulta","",""
"","444","Cenário: CREDT-731 (API) Filtrar logs de ação com sucesso por Ação de Exclusão","Features","Fri Apr 18 20:57:36 UTC 2025","failed","Fri Apr 18 20:57:37 UTC 2025","CREDT 684 FiltrarLogs","logsDeAcoes","",""
"","430","Cenário: CREDT-986 (API) Listar credencial que ainda não tenha sido compartilhada","Features","Fri Apr 18 20:56:52 UTC 2025","failed","Fri Apr 18 20:56:52 UTC 2025","CREDT 878 ListarCompartilhamento","Credenciais","",""
"","436","Cenário: CREDT-219 (API) Tentar listar entradas de uma consulta com token expirado","Features","Fri Apr 18 20:56:00 UTC 2025","failed","Fri Apr 18 20:56:01 UTC 2025","CREDT 216 ListarEntradasDaConsulta","Credenciais","",""
"","909","Cenário: CREDT-1016 (API) Tentar interromper compartilhamento da credencial com status inativo em consulta rascunho","Features","Fri Apr 18 20:57:15 UTC 2025","failed","Fri Apr 18 20:57:16 UTC 2025","CREDT 950 CompartilharCredencial","Credenciais","",""
"","1578","Cenário: CREDT-879 (API) Cadastrar nova consulta com todos os campos obrigatórios","Features","Fri Apr 18 20:54:51 UTC 2025","failed","Fri Apr 18 20:54:53 UTC 2025","CREDT 877 CriarConsultaDesenvolvimento","Consulta","",""
"","830","Cenário: CREDT-205 (API) Tentar listar consultas com Token sem autorização","Features","Fri Apr 18 20:54:14 UTC 2025","passed","Fri Apr 18 20:54:15 UTC 2025","CREDT 196 ListarConsulta","Consulta","",""
"","457","Cenário: CREDT-302 (API) Filtrar credenciais com sucesso por uma Descrição inexistente","Features","Fri Apr 18 20:56:04 UTC 2025","failed","Fri Apr 18 20:56:05 UTC 2025","CREDT 243 FiltrarCredenciais","Credenciais","",""
"","1372","Cenário: CREDT-881 (API) Cadastrar nova consulta com Descrição contendo espaços em branco","Features","Fri Apr 18 20:54:54 UTC 2025","failed","Fri Apr 18 20:54:56 UTC 2025","CREDT 877 CriarConsultaDesenvolvimento","Consulta","",""
"","437","Cenário: CREDT-1002 (API) Tentar compartilhar credencial com credentialId vazio","Features","Fri Apr 18 20:57:03 UTC 2025","failed","Fri Apr 18 20:57:03 UTC 2025","CREDT 950 CompartilharCredencial","Credenciais","",""
"","873","Cenário: CREDT-1014 (API) Tentar compartilhar credencial com qtdSubmissions for diferente do tipo inteiro","Features","Fri Apr 18 20:57:13 UTC 2025","failed","Fri Apr 18 20:57:14 UTC 2025","CREDT 950 CompartilharCredencial","Credenciais","",""
"","442","Cenário: CREDT-987 (API) Listar credencial com o nome em branco","Features","Fri Apr 18 20:56:52 UTC 2025","failed","Fri Apr 18 20:56:53 UTC 2025","CREDT 878 ListarCompartilhamento","Credenciais","",""
"","2790","Cenário: CREDT-1072 (API) Tentar excluir consulta rascunho na conta do desenvolvedor após criar credencial na conta do cliente","Features","Fri Apr 18 20:54:48 UTC 2025","failed","Fri Apr 18 20:54:51 UTC 2025","CREDT 753 ExcluirConsulta","Consulta","",""
"","346","Cenário: CREDT-695 (API) Tentar listar logs de ação com Token expirado","Features","Fri Apr 18 20:57:26 UTC 2025","passed","Fri Apr 18 20:57:27 UTC 2025","CREDT 683 ListarLogs","logsDeAcoes","",""
"","450","Cenário: CREDT-245 (API) Tentar cadastrar credencial em uma consulta inexistente no Gateway","Features","Fri Apr 18 20:55:42 UTC 2025","failed","Fri Apr 18 20:55:42 UTC 2025","CREDT 198 CadastrarCredencial","Credenciais","",""
"","902","Cenário: CREDT-225 (API) Cadastrar credencial com sucesso","Features","Fri Apr 18 20:55:37 UTC 2025","failed","Fri Apr 18 20:55:38 UTC 2025","CREDT 198 CadastrarCredencial","Credenciais","",""
"","457","Cenário: CREDT-286 (API) Tentar listar credenciais passando o nome da consulta só com espaços em branco","Features","Fri Apr 18 20:56:33 UTC 2025","failed","Fri Apr 18 20:56:33 UTC 2025","CREDT 292 ListarCredenciais","Credenciais","",""
"","450","Cenário: CREDT-484 (API) Tentar cadastrar credencial com o campo nome contendo letras minúsculas","Features","Fri Apr 18 20:55:49 UTC 2025","failed","Fri Apr 18 20:55:50 UTC 2025","CREDT 198 CadastrarCredencial","Credenciais","",""
"","431","Cenário: CREDT-483 (API) Tentar cadastrar credencial com o campo nome contendo caracteres especiais, incluindo acentos e cedilha","Features","Fri Apr 18 20:55:49 UTC 2025","failed","Fri Apr 18 20:55:49 UTC 2025","CREDT 198 CadastrarCredencial","Credenciais","",""
"","893","Cenário: CREDT-1005 (API) Compartilhar credencial com dateFinal vazio","Features","Fri Apr 18 20:57:04 UTC 2025","failed","Fri Apr 18 20:57:05 UTC 2025","CREDT 950 CompartilharCredencial","Credenciais","",""
"","446","Cenário: CREDT-283 (API) Tentar listar credenciais com token sem autorização","Features","Fri Apr 18 20:56:32 UTC 2025","failed","Fri Apr 18 20:56:33 UTC 2025","CREDT 292 ListarCredenciais","Credenciais","",""
"","776","Cenário: CREDT-913 (API) Listar consultas do desenvolvimento com parâmetro page inválido","Features","Fri Apr 18 20:54:17 UTC 2025","passed","Fri Apr 18 20:54:18 UTC 2025","CREDT 196 ListarConsulta","Consulta","",""
"","434","Cenário: CREDT-689 (API) Tentar listar logs de ação com parâmetro size inválido","Features","Fri Apr 18 20:57:24 UTC 2025","failed","Fri Apr 18 20:57:24 UTC 2025","CREDT 683 ListarLogs","logsDeAcoes","",""
"","3498","Cenário: CREDT-1066 (API) Excluir consulta rascunho com sucesso na conta do desenvolvedor","Features","Fri Apr 18 20:54:29 UTC 2025","failed","Fri Apr 18 20:54:32 UTC 2025","CREDT 753 ExcluirConsulta","Consulta","",""
"","448","Cenário: CREDT-311 (API) Tentar filtrar credenciais sem passar uma consulta","Features","Fri Apr 18 20:56:08 UTC 2025","failed","Fri Apr 18 20:56:08 UTC 2025","CREDT 243 FiltrarCredenciais","Credenciais","",""
"","467","Cenário: CREDT-936 (API) Validar que as consultas no portfólio do cliente estão em ordem alfabética case insensitive","Features","Fri Apr 18 20:54:10 UTC 2025","failed","Fri Apr 18 20:54:11 UTC 2025","CREDT 175 AdicionarConsulta","Consulta","",""
"","327","Cenário: CREDT-811 (API) Listar a informação sobre uma métrica específica","Features","Fri Apr 18 20:57:40 UTC 2025","failed","Fri Apr 18 20:57:40 UTC 2025","CREDT 805 MonitoramentoPrometheus","Prometheus","",""
"","1921","Cenário: CREDT-933 (API) Validar que uma consulta rascunho criada para a conta X não pode ser adicionada na conta errada Y","Features","Fri Apr 18 20:54:06 UTC 2025","failed","Fri Apr 18 20:54:08 UTC 2025","CREDT 175 AdicionarConsulta","Consulta","",""
"","790","Cenário: CREDT-370 (API) Tentar ativar/inativar credencial com token inválido","Features","Fri Apr 18 20:56:40 UTC 2025","passed","Fri Apr 18 20:56:41 UTC 2025","CREDT 365 AtivarInativarCredencial","Credenciais","",""
"","866","Cenário: CREDT-239 (API) Cadastrar credenciais idênticas exceto pela consulta","Features","Fri Apr 18 20:55:41 UTC 2025","failed","Fri Apr 18 20:55:42 UTC 2025","CREDT 198 CadastrarCredencial","Credenciais","",""
"","339","Cenário: CREDT-723 (API) Tentar filtrar logs de ação com Token expirado","Features","Fri Apr 18 20:57:33 UTC 2025","passed","Fri Apr 18 20:57:34 UTC 2025","CREDT 684 FiltrarLogs","logsDeAcoes","",""
"","435","Cenário: CREDT-180 (API) Tentar adicionar uma consulta já adicionada anteriormente","Features","Fri Apr 18 20:53:59 UTC 2025","failed","Fri Apr 18 20:53:59 UTC 2025","CREDT 175 AdicionarConsulta","Consulta","",""
"","454","Cenário: CREDT-246 (API) Tentar cadastrar credencial com uma consulta não adicionada à conta utilizada","Features","Fri Apr 18 20:55:42 UTC 2025","failed","Fri Apr 18 20:55:43 UTC 2025","CREDT 198 CadastrarCredencial","Credenciais","",""
"","331","Cenário: CREDT-759 (API) Tentar excluir consulta com Token expirado","Features","Fri Apr 18 20:54:27 UTC 2025","passed","Fri Apr 18 20:54:28 UTC 2025","CREDT 753 ExcluirConsulta","Consulta","",""
"","342","Cenário: CREDT-1023 (API) Tentar compartilhar credencial com token vazio","Features","Fri Apr 18 20:57:19 UTC 2025","passed","Fri Apr 18 20:57:19 UTC 2025","CREDT 950 CompartilharCredencial","Credenciais","",""
"","346","Cenário: CREDT-990 (API) Tentar compartilhar credencial com token expirado","Features","Fri Apr 18 20:56:53 UTC 2025","passed","Fri Apr 18 20:56:53 UTC 2025","CREDT 878 ListarCompartilhamento","Credenciais","",""
"","431","Cenário: CREDT-718 (API) Tentar filtrar logs de ação passando uma data inicial mas não uma data final","Features","Fri Apr 18 20:57:32 UTC 2025","failed","Fri Apr 18 20:57:32 UTC 2025","CREDT 684 FiltrarLogs","logsDeAcoes","",""
"","898","Cenário: CREDT-375 (API) Tentar ativar/inativar credencial passando um id de credencial inexistente","Features","Fri Apr 18 20:56:44 UTC 2025","failed","Fri Apr 18 20:56:45 UTC 2025","CREDT 365 AtivarInativarCredencial","Credenciais","",""
"","1348","Cenário: CREDT-882 (API) Cadastrar nova consulta com Código do cliente contendo até 5 caracteres","Features","Fri Apr 18 20:54:56 UTC 2025","failed","Fri Apr 18 20:54:57 UTC 2025","CREDT 877 CriarConsultaDesenvolvimento","Consulta","",""
"","438","Cenário: CREDT-303 (API) Filtrar credenciais com sucesso por Descrição, Ambiente e Status","Features","Fri Apr 18 20:56:05 UTC 2025","failed","Fri Apr 18 20:56:05 UTC 2025","CREDT 243 FiltrarCredenciais","Credenciais","",""
"","447","Cenário: CREDT-279 (API) Listar credenciais com sucesso ordenando por Status em ordem decrescente","Features","Fri Apr 18 20:56:30 UTC 2025","failed","Fri Apr 18 20:56:31 UTC 2025","CREDT 292 ListarCredenciais","Credenciais","",""
"","465","Cenário: CREDT-534 (API) Filtrar credenciais com sucesso por uma Nome inexistente","Features","Fri Apr 18 20:56:09 UTC 2025","failed","Fri Apr 18 20:56:10 UTC 2025","CREDT 243 FiltrarCredenciais","Credenciais","",""
"","471","Cenário: CREDT-1097 (API) Validar a paginação dos resultados filtrados","Features","Fri Apr 18 20:56:10 UTC 2025","failed","Fri Apr 18 20:56:11 UTC 2025","CREDT 243 FiltrarCredenciais","Credenciais","",""
"","633","Cenário: CREDT-1090 (API) Filtrar consultas com sucesso por Nome vazio","Features","Fri Apr 18 20:53:52 UTC 2025","failed","Fri Apr 18 20:53:53 UTC 2025","CREDT 1075 FiltrarConsulta","Consulta","",""
"","921","Cenário: CREDT-763 (API) Excluir com sucesso credencial inativa criada há menos de 24 horas e que nunca foi ativada","Features","Fri Apr 18 20:56:47 UTC 2025","failed","Fri Apr 18 20:56:47 UTC 2025","CREDT 752 ExcluirCredencial","Credenciais","",""
"","2613","Cenário: CREDT-932 (API) Validar que uma consulta rascunho criada aparece no portfólio do cliente destino","Features","Fri Apr 18 20:54:04 UTC 2025","failed","Fri Apr 18 20:54:06 UTC 2025","CREDT 175 AdicionarConsulta","Consulta","",""
"","436","Cenário: CREDT-249 (API) Tentar cadastrar credencial com o campo descrição vazio","Features","Fri Apr 18 20:55:44 UTC 2025","failed","Fri Apr 18 20:55:44 UTC 2025","CREDT 198 CadastrarCredencial","Credenciais","",""
"","534","Cenário: CREDT-217 (API) Listar entradas de uma consulta com sucesso","Features","Fri Apr 18 20:55:59 UTC 2025","failed","Fri Apr 18 20:56:00 UTC 2025","CREDT 216 ListarEntradasDaConsulta","Credenciais","",""
"","460","Cenário: CREDT-754 (API) Excluir consulta com sucesso","Features","Fri Apr 18 20:54:25 UTC 2025","failed","Fri Apr 18 20:54:25 UTC 2025","CREDT 753 ExcluirConsulta","Consulta","",""
"","925","Cenário: CREDT-346 (API) Tentar editar credencial passando uma Descrição vazia","Features","Fri Apr 18 20:56:18 UTC 2025","failed","Fri Apr 18 20:56:19 UTC 2025","CREDT 244 EditarCredencial","Credenciais","",""
"","1005","Cenário: CREDT-1019 (API) Tentar compartilhar credencial com stopShared diferente de booleano","Features","Fri Apr 18 20:57:16 UTC 2025","failed","Fri Apr 18 20:57:17 UTC 2025","CREDT 950 CompartilharCredencial","Credenciais","",""
"","768","Cenário: CREDT-333 (API) Tentar editar credencial com token vazio","Features","Fri Apr 18 20:56:14 UTC 2025","failed","Fri Apr 18 20:56:15 UTC 2025","CREDT 244 EditarCredencial","Credenciais","",""
"","465","Cenário: CREDT-300 (API) Tentar filtrar credenciais passando um Status inválido","Features","Fri Apr 18 20:56:03 UTC 2025","failed","Fri Apr 18 20:56:04 UTC 2025","CREDT 243 FiltrarCredenciais","Credenciais","",""
"","461","Cenário: CREDT-490 (API) Tentar cadastrar credencial sem o campo nome no body da requisição","Features","Fri Apr 18 20:55:52 UTC 2025","failed","Fri Apr 18 20:55:53 UTC 2025","CREDT 198 CadastrarCredencial","Credenciais","",""
"","436","Cenário: CREDT-257 (API) Tentar cadastrar credencial com inputs vazios no body da requisição","Features","Fri Apr 18 20:55:45 UTC 2025","failed","Fri Apr 18 20:55:46 UTC 2025","CREDT 198 CadastrarCredencial","Credenciais","",""
"","899","Cenário: CREDT-1009 (API) Compartilhar credencial com dateFinal em formato dd/mm/aaaa","Features","Fri Apr 18 20:57:08 UTC 2025","failed","Fri Apr 18 20:57:09 UTC 2025","CREDT 950 CompartilharCredencial","Credenciais","",""
"","333","Cenário: CREDT-810 (API) Listar a lista de nomes de métricas","Features","Fri Apr 18 20:57:39 UTC 2025","failed","Fri Apr 18 20:57:40 UTC 2025","CREDT 805 MonitoramentoPrometheus","Prometheus","",""
"","433","Cenário: CREDT-692 (API) Tentar listar logs de ação sem passar nenhum parâmetro","Features","Fri Apr 18 20:57:25 UTC 2025","failed","Fri Apr 18 20:57:25 UTC 2025","CREDT 683 ListarLogs","logsDeAcoes","",""
"","431","Cenário: CREDT-705 (API) Filtrar logs de ação com sucesso por Consulta","Features","Fri Apr 18 20:57:27 UTC 2025","failed","Fri Apr 18 20:57:28 UTC 2025","CREDT 684 FiltrarLogs","logsDeAcoes","",""
"","1316","Cenário: CREDT-894 (API) Tentar criar consulta com o campo Nome da consulta com espaços em branco","Features","Fri Apr 18 20:55:13 UTC 2025","failed","Fri Apr 18 20:55:15 UTC 2025","CREDT 877 CriarConsultaDesenvolvimento","Consulta","",""
"","341","Cenário: CREDT-177 (API) Tentar adicionar consulta com token expirado","Features","Fri Apr 18 20:53:57 UTC 2025","passed","Fri Apr 18 20:53:57 UTC 2025","CREDT 175 AdicionarConsulta","Consulta","",""
"","469","Cenário: CREDT-207 (API) Tentar listar consultas sem passar nenhum parâmetro","Features","Fri Apr 18 20:54:15 UTC 2025","failed","Fri Apr 18 20:54:16 UTC 2025","CREDT 196 ListarConsulta","Consulta","",""
"","435","Cenário: CREDT-218 (API) Tentar listar entradas de uma consulta com token inválido","Features","Fri Apr 18 20:56:00 UTC 2025","failed","Fri Apr 18 20:56:00 UTC 2025","CREDT 216 ListarEntradasDaConsulta","Credenciais","",""
"","632","Cenário: CREDT-183 (API) Tentar adicionar uma consulta, sem passar a consulta no body da requisição","Features","Fri Apr 18 20:54:00 UTC 2025","failed","Fri Apr 18 20:54:01 UTC 2025","CREDT 175 AdicionarConsulta","Consulta","",""
"","451","Cenário: CREDT-201 (API) Listar consultas mesmo com os parâmetros page e size vazios","Features","Fri Apr 18 20:54:13 UTC 2025","failed","Fri Apr 18 20:54:13 UTC 2025","CREDT 196 ListarConsulta","Consulta","",""
"","635","Cenário: CREDT-688 (API) Tentar listar logs de ação com parâmetro page inválido","Features","Fri Apr 18 20:57:23 UTC 2025","failed","Fri Apr 18 20:57:24 UTC 2025","CREDT 683 ListarLogs","logsDeAcoes","",""
"","900","Cenário: CREDT-376 (API) Tentar ativar/inativar credencial passando um id de credencial vazio","Features","Fri Apr 18 20:56:45 UTC 2025","failed","Fri Apr 18 20:56:45 UTC 2025","CREDT 365 AtivarInativarCredencial","Credenciais","",""
"","1984","Cenário: CREDT-934 (API) Tentar adicionar uma consulta rascunho já adicionada anteriormente","Features","Fri Apr 18 20:54:08 UTC 2025","failed","Fri Apr 18 20:54:10 UTC 2025","CREDT 175 AdicionarConsulta","Consulta","",""
"","450","Cenário: CREDT-222 (API) Tentar listar entradas de uma consulta passando um valor inválido no 'queryId'","Features","Fri Apr 18 20:56:02 UTC 2025","failed","Fri Apr 18 20:56:02 UTC 2025","CREDT 216 ListarEntradasDaConsulta","Credenciais","",""
"","828","Cenário: CREDT-914 (API) Listar consultas do desenvolvimento com parâmetro size inválido","Features","Fri Apr 18 20:54:18 UTC 2025","passed","Fri Apr 18 20:54:19 UTC 2025","CREDT 196 ListarConsulta","Consulta","",""
"","462","Cenário: CREDT-261 (API) Tentar cadastrar credencial com inputs com valor preenchido só com espaços em branco","Features","Fri Apr 18 20:55:47 UTC 2025","failed","Fri Apr 18 20:55:48 UTC 2025","CREDT 198 CadastrarCredencial","Credenciais","",""
"","2829","Cenário: CREDT-995 (API) Compartilhar credencial ativa em consulta rascunho com sucesso","Features","Fri Apr 18 20:56:55 UTC 2025","failed","Fri Apr 18 20:56:58 UTC 2025","CREDT 950 CompartilharCredencial","Credenciais","",""
"","331","Cenário: CREDT-769 (API) Tentar excluir credencial com Token expirado","Features","Fri Apr 18 20:56:49 UTC 2025","failed","Fri Apr 18 20:56:50 UTC 2025","CREDT 752 ExcluirCredencial","Credenciais","",""
"","476","Cenário: CREDT-288 (API) Listar credenciais com direção e campo de ordenação vazios","Features","Fri Apr 18 20:56:33 UTC 2025","failed","Fri Apr 18 20:56:34 UTC 2025","CREDT 292 ListarCredenciais","Credenciais","",""
"","435","Cenário: CREDT-489 (API) Tentar cadastrar credencial com o campo nome vazio","Features","Fri Apr 18 20:55:52 UTC 2025","failed","Fri Apr 18 20:55:52 UTC 2025","CREDT 198 CadastrarCredencial","Credenciais","",""
"","632","Cenário: CREDT-181 (API) Tentar adicionar uma consulta passando um nome de consulta que não existe no Gateway","Features","Fri Apr 18 20:53:59 UTC 2025","failed","Fri Apr 18 20:54:00 UTC 2025","CREDT 175 AdicionarConsulta","Consulta","",""
"","877","Cenário: CREDT-953 (API) Tentar compartilhar credencial com os campos dateFinal e qtdSubmissions vazios","Features","Fri Apr 18 20:57:20 UTC 2025","failed","Fri Apr 18 20:57:21 UTC 2025","CREDT 950 CompartilharCredencial","Credenciais","",""
"","457","Cenário: CREDT-299 (API) Filtrar credenciais com sucesso por Status Inativo","Features","Fri Apr 18 20:56:03 UTC 2025","failed","Fri Apr 18 20:56:03 UTC 2025","CREDT 243 FiltrarCredenciais","Credenciais","",""
"","1314","Cenário: CREDT-903 (API) Tentar criar consulta com o campo Código do cliente contendo mais de 5 caracteres","Features","Fri Apr 18 20:55:26 UTC 2025","failed","Fri Apr 18 20:55:27 UTC 2025","CREDT 877 CriarConsultaDesenvolvimento","Consulta","",""
"","866","Cenário: CREDT-238 (API) Tentar cadastrar credenciais idênticas exceto pelos inputs","Features","Fri Apr 18 20:55:40 UTC 2025","failed","Fri Apr 18 20:55:41 UTC 2025","CREDT 198 CadastrarCredencial","Credenciais","",""
"","1499","Cenário: CREDT-886 (API) Tentar criar consulta sem preencher o campo Descrição da consulta","Features","Fri Apr 18 20:55:01 UTC 2025","failed","Fri Apr 18 20:55:03 UTC 2025","CREDT 877 CriarConsultaDesenvolvimento","Consulta","",""
"","357","Cenário: CREDT-176 (API) Tentar adicionar consulta com token inválido","Features","Fri Apr 18 20:53:57 UTC 2025","passed","Fri Apr 18 20:53:57 UTC 2025","CREDT 175 AdicionarConsulta","Consulta","",""
"","348","Cenário: CREDT-204 (API) Tentar listar consultas com Token expirado","Features","Fri Apr 18 20:54:14 UTC 2025","passed","Fri Apr 18 20:54:14 UTC 2025","CREDT 196 ListarConsulta","Consulta","",""
"","622","Cenário: CREDT-1087 (API) Filtrar consultas com sucesso por Nome completo na conta do cliente","Features","Fri Apr 18 20:53:50 UTC 2025","failed","Fri Apr 18 20:53:51 UTC 2025","CREDT 1075 FiltrarConsulta","Consulta","",""
"","434","Cenário: CREDT-281 (API) Tentar listar credenciais com token expirado","Features","Fri Apr 18 20:56:31 UTC 2025","failed","Fri Apr 18 20:56:32 UTC 2025","CREDT 292 ListarCredenciais","Credenciais","",""
"","474","Cenário: CREDT-985 (API) Listar credencial compartilhada com sucesso","Features","Fri Apr 18 20:56:51 UTC 2025","failed","Fri Apr 18 20:56:52 UTC 2025","CREDT 878 ListarCompartilhamento","Credenciais","",""
"","349","Cenário: CREDT-694 (API) Tentar listar logs de ação com Token vazio","Features","Fri Apr 18 20:57:26 UTC 2025","passed","Fri Apr 18 20:57:26 UTC 2025","CREDT 683 ListarLogs","logsDeAcoes","",""
"","1248","Cenário: CREDT-373 (API) Tentar ativar/inativar credencial com token sem autorização","Features","Fri Apr 18 20:56:42 UTC 2025","passed","Fri Apr 18 20:56:44 UTC 2025","CREDT 365 AtivarInativarCredencial","Credenciais","",""
"","91988","Cenário: CREDT-819 (API) Validar alerta de colisão de Credenciais ao listar métricas","Features","Fri Apr 18 20:57:40 UTC 2025","failed","Fri Apr 18 20:59:12 UTC 2025","CREDT 805 MonitoramentoPrometheus","Prometheus","",""
"","921","Cenário: CREDT-339 (API) Tentar editar credencial passando um id de credencial inexistente no endpoint","Features","Fri Apr 18 20:56:17 UTC 2025","failed","Fri Apr 18 20:56:17 UTC 2025","CREDT 244 EditarCredencial","Credenciais","",""
"","432","Cenário: CREDT-533 (API) Filtrar credenciais com sucesso por Nome","Features","Fri Apr 18 20:56:09 UTC 2025","failed","Fri Apr 18 20:56:09 UTC 2025","CREDT 243 FiltrarCredenciais","Credenciais","",""
"","457","Cenário: CREDT-280 (API) Tentar listar credenciais com token inválido","Features","Fri Apr 18 20:56:31 UTC 2025","failed","Fri Apr 18 20:56:31 UTC 2025","CREDT 292 ListarCredenciais","Credenciais","",""
"","436","Cenário: CREDT-266 (API) Tentar detalhar credencial com token vazio","Features","Fri Apr 18 20:56:27 UTC 2025","failed","Fri Apr 18 20:56:28 UTC 2025","CREDT 272 DetalharCredencial","Credenciais","",""
"","1774","Cenário: CREDT-892 (API) Tentar criar consulta sem o campo Entrada da consulta","Features","Fri Apr 18 20:55:10 UTC 2025","passed","Fri Apr 18 20:55:12 UTC 2025","CREDT 877 CriarConsultaDesenvolvimento","Consulta","",""
"","904","Cenário: CREDT-756 (API) Tentar excluir consulta com credenciais cadastradas","Features","Fri Apr 18 20:54:25 UTC 2025","failed","Fri Apr 18 20:54:26 UTC 2025","CREDT 753 ExcluirConsulta","Consulta","",""
"","477","Cenário: CREDT-264 (API) Tentar detalhar credencial com token inválido","Features","Fri Apr 18 20:56:26 UTC 2025","failed","Fri Apr 18 20:56:27 UTC 2025","CREDT 272 DetalharCredencial","Credenciais","",""
"","2267","Cenário: CREDT-935 (API) Listar consultas rascunhos adicionadas com sucesso","Features","Fri Apr 18 20:54:22 UTC 2025","failed","Fri Apr 18 20:54:25 UTC 2025","CREDT 196 ListarConsulta","Consulta","",""
"","885","Cenário: CREDT-1000 (API) Tentar compartilhar credencial com status inativo em consulta definitiva","Features","Fri Apr 18 20:57:01 UTC 2025","failed","Fri Apr 18 20:57:02 UTC 2025","CREDT 950 CompartilharCredencial","Credenciais","",""
"","459","Cenário: CREDT-220 (API) Tentar listar entradas de uma consulta com token vazio","Features","Fri Apr 18 20:56:01 UTC 2025","failed","Fri Apr 18 20:56:01 UTC 2025","CREDT 216 ListarEntradasDaConsulta","Credenciais","",""
"","1340","Cenário: CREDT-880 (API) Cadastrar nova consulta com Descrição contendo caracteres especiais, acentuação e números","Features","Fri Apr 18 20:54:53 UTC 2025","failed","Fri Apr 18 20:54:54 UTC 2025","CREDT 877 CriarConsultaDesenvolvimento","Consulta","",""
"","451","Cenário: CREDT-1004 (API) Tentar compartilhar credencial com credentialId inexistente","Features","Fri Apr 18 20:57:03 UTC 2025","failed","Fri Apr 18 20:57:04 UTC 2025","CREDT 950 CompartilharCredencial","Credenciais","",""
"","894","Cenário: CREDT-757 (API) Tentar excluir consulta inexistente","Features","Fri Apr 18 20:54:26 UTC 2025","failed","Fri Apr 18 20:54:27 UTC 2025","CREDT 753 ExcluirConsulta","Consulta","",""
"","842","Cenário: CREDT-1024 (API) Tentar compartilhar credencial com token sem autorização","Features","Fri Apr 18 20:57:19 UTC 2025","passed","Fri Apr 18 20:57:20 UTC 2025","CREDT 950 CompartilharCredencial","Credenciais","",""
"","450","Cenário: CREDT-273 (API) Listar credenciais com sucesso sem definir ordenação","Features","Fri Apr 18 20:56:29 UTC 2025","failed","Fri Apr 18 20:56:29 UTC 2025","CREDT 292 ListarCredenciais","Credenciais","",""
"","331","Cenário: CREDT-991 (API) Tentar compartilhar credencial com token vazio","Features","Fri Apr 18 20:56:53 UTC 2025","passed","Fri Apr 18 20:56:54 UTC 2025","CREDT 878 ListarCompartilhamento","Credenciais","",""
